--
-- File generated with SQLiteStudio v3.2.1 on seg jul 18 11:48:48 2022
--
-- Text encoding used: System
--
PRAGMA foreign_keys = off;
BEGIN TRANSACTION;

-- Table: failed_jobs
DROP TABLE IF EXISTS failed_jobs;
CREATE TABLE "failed_jobs" ("id" integer not null primary key autoincrement, "uuid" varchar not null, "connection" text not null, "queue" text not null, "payload" text not null, "exception" text not null, "failed_at" datetime default CURRENT_TIMESTAMP not null);

-- Table: migrations
DROP TABLE IF EXISTS migrations;
CREATE TABLE "migrations" ("id" integer not null primary key autoincrement, "migration" varchar not null, "batch" integer not null);
INSERT INTO migrations (id, migration, batch) VALUES (67, '2022_07_17_191053_create_testes_table', 1);
INSERT INTO migrations (id, migration, batch) VALUES (69, '2014_10_12_000000_create_people_table', 2);
INSERT INTO migrations (id, migration, batch) VALUES (85, '2014_10_12_000000_create_peoples_table', 3);
INSERT INTO migrations (id, migration, batch) VALUES (123, '2022_07_18_013748_create_starships_peoples_table', 4);
INSERT INTO migrations (id, migration, batch) VALUES (196, '2014_10_12_000000_create_ starships_table', 5);
INSERT INTO migrations (id, migration, batch) VALUES (197, '2014_10_12_000000_create_person_table', 5);
INSERT INTO migrations (id, migration, batch) VALUES (198, '2014_10_12_000000_create_planets_table', 5);
INSERT INTO migrations (id, migration, batch) VALUES (199, '2014_10_12_000000_create_users_table', 5);
INSERT INTO migrations (id, migration, batch) VALUES (200, '2014_10_12_100000_create_password_resets_table', 5);
INSERT INTO migrations (id, migration, batch) VALUES (201, '2019_08_19_000000_create_failed_jobs_table', 5);
INSERT INTO migrations (id, migration, batch) VALUES (202, '2019_12_14_000001_create_personal_access_tokens_table', 5);
INSERT INTO migrations (id, migration, batch) VALUES (203, '2022_07_18_013748_create_people_starship_table', 5);

-- Table: password_resets
DROP TABLE IF EXISTS password_resets;
CREATE TABLE "password_resets" ("email" varchar not null, "token" varchar not null, "created_at" datetime);

-- Table: people
DROP TABLE IF EXISTS people;
CREATE TABLE "people" ("id" integer not null primary key autoincrement, "name" varchar not null, "height" integer not null, "mass" integer not null, "hair_color" varchar not null, "skin_color" varchar not null, "eye_color" varchar not null, "birth_year" varchar not null, "gender" varchar not null, "planet_id" integer not null, "external_id" integer, "created_at" datetime, "updated_at" datetime);
INSERT INTO people (id, name, height, mass, hair_color, skin_color, eye_color, birth_year, gender, planet_id, external_id, created_at, updated_at) VALUES (1, 'Luke Skywalker', 172, 77, 'blond', 'fair', 'blue', '19BBY', 'male', 1, 1, '2022-07-18 08:14:35', '2022-07-18 08:14:35');
INSERT INTO people (id, name, height, mass, hair_color, skin_color, eye_color, birth_year, gender, planet_id, external_id, created_at, updated_at) VALUES (2, 'C-3PO', 167, 75, 'n/a', 'gold', 'yellow', '112BBY', 'n/a', 1, 2, '2022-07-18 08:14:35', '2022-07-18 08:14:35');
INSERT INTO people (id, name, height, mass, hair_color, skin_color, eye_color, birth_year, gender, planet_id, external_id, created_at, updated_at) VALUES (3, 'R2-D2', 96, 32, 'n/a', 'white, blue', 'red', '33BBY', 'n/a', 8, 3, '2022-07-18 08:14:35', '2022-07-18 08:14:35');
INSERT INTO people (id, name, height, mass, hair_color, skin_color, eye_color, birth_year, gender, planet_id, external_id, created_at, updated_at) VALUES (4, 'Darth Vader', 202, 136, 'none', 'white', 'yellow', '41.9BBY', 'male', 1, 4, '2022-07-18 08:14:35', '2022-07-18 08:14:35');
INSERT INTO people (id, name, height, mass, hair_color, skin_color, eye_color, birth_year, gender, planet_id, external_id, created_at, updated_at) VALUES (5, 'Leia Organa', 150, 49, 'brown', 'light', 'brown', '19BBY', 'female', 2, 5, '2022-07-18 08:14:35', '2022-07-18 08:14:35');
INSERT INTO people (id, name, height, mass, hair_color, skin_color, eye_color, birth_year, gender, planet_id, external_id, created_at, updated_at) VALUES (6, 'Owen Lars', 178, 120, 'brown, grey', 'light', 'blue', '52BBY', 'male', 1, 6, '2022-07-18 08:14:35', '2022-07-18 08:14:35');
INSERT INTO people (id, name, height, mass, hair_color, skin_color, eye_color, birth_year, gender, planet_id, external_id, created_at, updated_at) VALUES (7, 'Beru Whitesun lars', 165, 75, 'brown', 'light', 'blue', '47BBY', 'female', 1, 7, '2022-07-18 08:14:35', '2022-07-18 08:14:35');
INSERT INTO people (id, name, height, mass, hair_color, skin_color, eye_color, birth_year, gender, planet_id, external_id, created_at, updated_at) VALUES (8, 'R5-D4', 97, 32, 'n/a', 'white, red', 'red', 'unknown', 'n/a', 1, 8, '2022-07-18 08:14:35', '2022-07-18 08:14:35');
INSERT INTO people (id, name, height, mass, hair_color, skin_color, eye_color, birth_year, gender, planet_id, external_id, created_at, updated_at) VALUES (9, 'Biggs Darklighter', 183, 84, 'black', 'light', 'brown', '24BBY', 'male', 1, 9, '2022-07-18 08:14:35', '2022-07-18 08:14:35');
INSERT INTO people (id, name, height, mass, hair_color, skin_color, eye_color, birth_year, gender, planet_id, external_id, created_at, updated_at) VALUES (10, 'Obi-Wan Kenobi', 182, 77, 'auburn, white', 'fair', 'blue-gray', '57BBY', 'male', 20, 10, '2022-07-18 08:14:35', '2022-07-18 08:14:35');
INSERT INTO people (id, name, height, mass, hair_color, skin_color, eye_color, birth_year, gender, planet_id, external_id, created_at, updated_at) VALUES (11, 'Anakin Skywalker', 188, 84, 'blond', 'fair', 'blue', '41.9BBY', 'male', 1, 11, '2022-07-18 08:14:36', '2022-07-18 08:14:36');
INSERT INTO people (id, name, height, mass, hair_color, skin_color, eye_color, birth_year, gender, planet_id, external_id, created_at, updated_at) VALUES (12, 'Wilhuff Tarkin', 180, 'unknown', 'auburn, grey', 'fair', 'blue', '64BBY', 'male', 21, 12, '2022-07-18 08:14:36', '2022-07-18 08:14:36');
INSERT INTO people (id, name, height, mass, hair_color, skin_color, eye_color, birth_year, gender, planet_id, external_id, created_at, updated_at) VALUES (13, 'Chewbacca', 228, 112, 'brown', 'unknown', 'blue', '200BBY', 'male', 14, 13, '2022-07-18 08:14:36', '2022-07-18 08:14:36');
INSERT INTO people (id, name, height, mass, hair_color, skin_color, eye_color, birth_year, gender, planet_id, external_id, created_at, updated_at) VALUES (14, 'Han Solo', 180, 80, 'brown', 'fair', 'brown', '29BBY', 'male', 22, 14, '2022-07-18 08:14:36', '2022-07-18 08:14:36');
INSERT INTO people (id, name, height, mass, hair_color, skin_color, eye_color, birth_year, gender, planet_id, external_id, created_at, updated_at) VALUES (15, 'Greedo', 173, 74, 'n/a', 'green', 'black', '44BBY', 'male', 23, 15, '2022-07-18 08:14:36', '2022-07-18 08:14:36');
INSERT INTO people (id, name, height, mass, hair_color, skin_color, eye_color, birth_year, gender, planet_id, external_id, created_at, updated_at) VALUES (16, 'Jabba Desilijic Tiure', 175, '1,358', 'n/a', 'green-tan, brown', 'orange', '600BBY', 'hermaphrodite', 24, 16, '2022-07-18 08:14:36', '2022-07-18 08:14:36');
INSERT INTO people (id, name, height, mass, hair_color, skin_color, eye_color, birth_year, gender, planet_id, external_id, created_at, updated_at) VALUES (17, 'Wedge Antilles', 170, 77, 'brown', 'fair', 'hazel', '21BBY', 'male', 22, 18, '2022-07-18 08:14:36', '2022-07-18 08:14:36');
INSERT INTO people (id, name, height, mass, hair_color, skin_color, eye_color, birth_year, gender, planet_id, external_id, created_at, updated_at) VALUES (18, 'Jek Tono Porkins', 180, 110, 'brown', 'fair', 'blue', 'unknown', 'male', 26, 19, '2022-07-18 08:14:37', '2022-07-18 08:14:37');
INSERT INTO people (id, name, height, mass, hair_color, skin_color, eye_color, birth_year, gender, planet_id, external_id, created_at, updated_at) VALUES (19, 'Yoda', 66, 17, 'white', 'green', 'brown', '896BBY', 'male', 28, 20, '2022-07-18 08:14:37', '2022-07-18 08:14:37');
INSERT INTO people (id, name, height, mass, hair_color, skin_color, eye_color, birth_year, gender, planet_id, external_id, created_at, updated_at) VALUES (20, 'Palpatine', 170, 75, 'grey', 'pale', 'yellow', '82BBY', 'male', 8, 21, '2022-07-18 08:14:37', '2022-07-18 08:14:37');
INSERT INTO people (id, name, height, mass, hair_color, skin_color, eye_color, birth_year, gender, planet_id, external_id, created_at, updated_at) VALUES (21, 'Boba Fett', 183, 78.2, 'black', 'fair', 'brown', '31.5BBY', 'male', 10, 22, '2022-07-18 08:14:38', '2022-07-18 08:14:38');
INSERT INTO people (id, name, height, mass, hair_color, skin_color, eye_color, birth_year, gender, planet_id, external_id, created_at, updated_at) VALUES (22, 'IG-88', 200, 140, 'none', 'metal', 'red', '15BBY', 'none', 28, 23, '2022-07-18 08:14:38', '2022-07-18 08:14:38');
INSERT INTO people (id, name, height, mass, hair_color, skin_color, eye_color, birth_year, gender, planet_id, external_id, created_at, updated_at) VALUES (23, 'Bossk', 190, 113, 'none', 'green', 'red', '53BBY', 'male', 29, 24, '2022-07-18 08:14:38', '2022-07-18 08:14:38');
INSERT INTO people (id, name, height, mass, hair_color, skin_color, eye_color, birth_year, gender, planet_id, external_id, created_at, updated_at) VALUES (24, 'Lando Calrissian', 177, 79, 'black', 'dark', 'brown', '31BBY', 'male', 30, 25, '2022-07-18 08:14:38', '2022-07-18 08:14:38');
INSERT INTO people (id, name, height, mass, hair_color, skin_color, eye_color, birth_year, gender, planet_id, external_id, created_at, updated_at) VALUES (25, 'Lobot', 175, 79, 'none', 'light', 'blue', '37BBY', 'male', 6, 26, '2022-07-18 08:14:38', '2022-07-18 08:14:38');
INSERT INTO people (id, name, height, mass, hair_color, skin_color, eye_color, birth_year, gender, planet_id, external_id, created_at, updated_at) VALUES (26, 'Ackbar', 180, 83, 'none', 'brown mottle', 'orange', '41BBY', 'male', 31, 27, '2022-07-18 08:14:38', '2022-07-18 08:14:38');
INSERT INTO people (id, name, height, mass, hair_color, skin_color, eye_color, birth_year, gender, planet_id, external_id, created_at, updated_at) VALUES (27, 'Mon Mothma', 150, 'unknown', 'auburn', 'fair', 'blue', '48BBY', 'female', 32, 28, '2022-07-18 08:14:38', '2022-07-18 08:14:38');
INSERT INTO people (id, name, height, mass, hair_color, skin_color, eye_color, birth_year, gender, planet_id, external_id, created_at, updated_at) VALUES (28, 'Arvel Crynyd', 'unknown', 'unknown', 'brown', 'fair', 'brown', 'unknown', 'male', 28, 29, '2022-07-18 08:14:38', '2022-07-18 08:14:38');
INSERT INTO people (id, name, height, mass, hair_color, skin_color, eye_color, birth_year, gender, planet_id, external_id, created_at, updated_at) VALUES (29, 'Wicket Systri Warrick', 88, 20, 'brown', 'brown', 'brown', '8BBY', 'male', 7, 30, '2022-07-18 08:14:38', '2022-07-18 08:14:38');
INSERT INTO people (id, name, height, mass, hair_color, skin_color, eye_color, birth_year, gender, planet_id, external_id, created_at, updated_at) VALUES (30, 'Nien Nunb', 160, 68, 'none', 'grey', 'black', 'unknown', 'male', 33, 31, '2022-07-18 08:14:38', '2022-07-18 08:14:38');
INSERT INTO people (id, name, height, mass, hair_color, skin_color, eye_color, birth_year, gender, planet_id, external_id, created_at, updated_at) VALUES (31, 'Qui-Gon Jinn', 193, 89, 'brown', 'fair', 'blue', '92BBY', 'male', 28, 32, '2022-07-18 08:14:39', '2022-07-18 08:14:39');
INSERT INTO people (id, name, height, mass, hair_color, skin_color, eye_color, birth_year, gender, planet_id, external_id, created_at, updated_at) VALUES (32, 'Nute Gunray', 191, 90, 'none', 'mottled green', 'red', 'unknown', 'male', 18, 33, '2022-07-18 08:14:39', '2022-07-18 08:14:39');
INSERT INTO people (id, name, height, mass, hair_color, skin_color, eye_color, birth_year, gender, planet_id, external_id, created_at, updated_at) VALUES (33, 'Finis Valorum', 170, 'unknown', 'blond', 'fair', 'blue', '91BBY', 'male', 9, 34, '2022-07-18 08:14:39', '2022-07-18 08:14:39');
INSERT INTO people (id, name, height, mass, hair_color, skin_color, eye_color, birth_year, gender, planet_id, external_id, created_at, updated_at) VALUES (34, 'Padmé Amidala', 185, 45, 'brown', 'light', 'brown', '46BBY', 'female', 8, 35, '2022-07-18 08:14:39', '2022-07-18 08:14:39');
INSERT INTO people (id, name, height, mass, hair_color, skin_color, eye_color, birth_year, gender, planet_id, external_id, created_at, updated_at) VALUES (35, 'Jar Jar Binks', 196, 66, 'none', 'orange', 'orange', '52BBY', 'male', 8, 36, '2022-07-18 08:14:39', '2022-07-18 08:14:39');
INSERT INTO people (id, name, height, mass, hair_color, skin_color, eye_color, birth_year, gender, planet_id, external_id, created_at, updated_at) VALUES (36, 'Roos Tarpals', 224, 82, 'none', 'grey', 'orange', 'unknown', 'male', 8, 37, '2022-07-18 08:14:39', '2022-07-18 08:14:39');
INSERT INTO people (id, name, height, mass, hair_color, skin_color, eye_color, birth_year, gender, planet_id, external_id, created_at, updated_at) VALUES (37, 'Rugor Nass', 206, 'unknown', 'none', 'green', 'orange', 'unknown', 'male', 8, 38, '2022-07-18 08:14:39', '2022-07-18 08:14:39');
INSERT INTO people (id, name, height, mass, hair_color, skin_color, eye_color, birth_year, gender, planet_id, external_id, created_at, updated_at) VALUES (38, 'Ric Olié', 183, 'unknown', 'brown', 'fair', 'blue', 'unknown', 'male', 8, 39, '2022-07-18 08:14:39', '2022-07-18 08:14:39');
INSERT INTO people (id, name, height, mass, hair_color, skin_color, eye_color, birth_year, gender, planet_id, external_id, created_at, updated_at) VALUES (39, 'Watto', 137, 'unknown', 'black', 'blue, grey', 'yellow', 'unknown', 'male', 34, 40, '2022-07-18 08:14:39', '2022-07-18 08:14:39');
INSERT INTO people (id, name, height, mass, hair_color, skin_color, eye_color, birth_year, gender, planet_id, external_id, created_at, updated_at) VALUES (40, 'Sebulba', 112, 40, 'none', 'grey, red', 'orange', 'unknown', 'male', 35, 41, '2022-07-18 08:14:39', '2022-07-18 08:14:39');
INSERT INTO people (id, name, height, mass, hair_color, skin_color, eye_color, birth_year, gender, planet_id, external_id, created_at, updated_at) VALUES (41, 'Quarsh Panaka', 183, 'unknown', 'black', 'dark', 'brown', '62BBY', 'male', 8, 42, '2022-07-18 08:14:40', '2022-07-18 08:14:40');
INSERT INTO people (id, name, height, mass, hair_color, skin_color, eye_color, birth_year, gender, planet_id, external_id, created_at, updated_at) VALUES (42, 'Shmi Skywalker', 163, 'unknown', 'black', 'fair', 'brown', '72BBY', 'female', 1, 43, '2022-07-18 08:14:40', '2022-07-18 08:14:40');
INSERT INTO people (id, name, height, mass, hair_color, skin_color, eye_color, birth_year, gender, planet_id, external_id, created_at, updated_at) VALUES (43, 'Darth Maul', 175, 80, 'none', 'red', 'yellow', '54BBY', 'male', 36, 44, '2022-07-18 08:14:40', '2022-07-18 08:14:40');
INSERT INTO people (id, name, height, mass, hair_color, skin_color, eye_color, birth_year, gender, planet_id, external_id, created_at, updated_at) VALUES (44, 'Bib Fortuna', 180, 'unknown', 'none', 'pale', 'pink', 'unknown', 'male', 37, 45, '2022-07-18 08:14:40', '2022-07-18 08:14:40');
INSERT INTO people (id, name, height, mass, hair_color, skin_color, eye_color, birth_year, gender, planet_id, external_id, created_at, updated_at) VALUES (45, 'Ayla Secura', 178, 55, 'none', 'blue', 'hazel', '48BBY', 'female', 37, 46, '2022-07-18 08:14:40', '2022-07-18 08:14:40');
INSERT INTO people (id, name, height, mass, hair_color, skin_color, eye_color, birth_year, gender, planet_id, external_id, created_at, updated_at) VALUES (46, 'Ratts Tyerel', 79, 15, 'none', 'grey, blue', 'unknown', 'unknown', 'male', 38, 47, '2022-07-18 08:14:40', '2022-07-18 08:14:40');
INSERT INTO people (id, name, height, mass, hair_color, skin_color, eye_color, birth_year, gender, planet_id, external_id, created_at, updated_at) VALUES (47, 'Dud Bolt', 94, 45, 'none', 'blue, grey', 'yellow', 'unknown', 'male', 39, 48, '2022-07-18 08:14:40', '2022-07-18 08:14:40');
INSERT INTO people (id, name, height, mass, hair_color, skin_color, eye_color, birth_year, gender, planet_id, external_id, created_at, updated_at) VALUES (48, 'Gasgano', 122, 'unknown', 'none', 'white, blue', 'black', 'unknown', 'male', 40, 49, '2022-07-18 08:14:40', '2022-07-18 08:14:40');
INSERT INTO people (id, name, height, mass, hair_color, skin_color, eye_color, birth_year, gender, planet_id, external_id, created_at, updated_at) VALUES (49, 'Ben Quadinaros', 163, 65, 'none', 'grey, green, yellow', 'orange', 'unknown', 'male', 41, 50, '2022-07-18 08:14:40', '2022-07-18 08:14:40');
INSERT INTO people (id, name, height, mass, hair_color, skin_color, eye_color, birth_year, gender, planet_id, external_id, created_at, updated_at) VALUES (50, 'Mace Windu', 188, 84, 'none', 'dark', 'brown', '72BBY', 'male', 42, 51, '2022-07-18 08:14:40', '2022-07-18 08:14:40');
INSERT INTO people (id, name, height, mass, hair_color, skin_color, eye_color, birth_year, gender, planet_id, external_id, created_at, updated_at) VALUES (51, 'Ki-Adi-Mundi', 198, 82, 'white', 'pale', 'yellow', '92BBY', 'male', 43, 52, '2022-07-18 08:14:41', '2022-07-18 08:14:41');
INSERT INTO people (id, name, height, mass, hair_color, skin_color, eye_color, birth_year, gender, planet_id, external_id, created_at, updated_at) VALUES (52, 'Kit Fisto', 196, 87, 'none', 'green', 'black', 'unknown', 'male', 44, 53, '2022-07-18 08:14:41', '2022-07-18 08:14:41');
INSERT INTO people (id, name, height, mass, hair_color, skin_color, eye_color, birth_year, gender, planet_id, external_id, created_at, updated_at) VALUES (53, 'Eeth Koth', 171, 'unknown', 'black', 'brown', 'brown', 'unknown', 'male', 45, 54, '2022-07-18 08:14:41', '2022-07-18 08:14:41');
INSERT INTO people (id, name, height, mass, hair_color, skin_color, eye_color, birth_year, gender, planet_id, external_id, created_at, updated_at) VALUES (54, 'Adi Gallia', 184, 50, 'none', 'dark', 'blue', 'unknown', 'female', 9, 55, '2022-07-18 08:14:41', '2022-07-18 08:14:41');
INSERT INTO people (id, name, height, mass, hair_color, skin_color, eye_color, birth_year, gender, planet_id, external_id, created_at, updated_at) VALUES (55, 'Saesee Tiin', 188, 'unknown', 'none', 'pale', 'orange', 'unknown', 'male', 47, 56, '2022-07-18 08:14:41', '2022-07-18 08:14:41');
INSERT INTO people (id, name, height, mass, hair_color, skin_color, eye_color, birth_year, gender, planet_id, external_id, created_at, updated_at) VALUES (56, 'Yarael Poof', 264, 'unknown', 'none', 'white', 'yellow', 'unknown', 'male', 48, 57, '2022-07-18 08:14:41', '2022-07-18 08:14:41');
INSERT INTO people (id, name, height, mass, hair_color, skin_color, eye_color, birth_year, gender, planet_id, external_id, created_at, updated_at) VALUES (57, 'Plo Koon', 188, 80, 'none', 'orange', 'black', '22BBY', 'male', 49, 58, '2022-07-18 08:14:41', '2022-07-18 08:14:41');
INSERT INTO people (id, name, height, mass, hair_color, skin_color, eye_color, birth_year, gender, planet_id, external_id, created_at, updated_at) VALUES (58, 'Mas Amedda', 196, 'unknown', 'none', 'blue', 'blue', 'unknown', 'male', 50, 59, '2022-07-18 08:14:41', '2022-07-18 08:14:41');
INSERT INTO people (id, name, height, mass, hair_color, skin_color, eye_color, birth_year, gender, planet_id, external_id, created_at, updated_at) VALUES (59, 'Gregar Typho', 185, 85, 'black', 'dark', 'brown', 'unknown', 'male', 8, 60, '2022-07-18 08:14:41', '2022-07-18 08:14:41');
INSERT INTO people (id, name, height, mass, hair_color, skin_color, eye_color, birth_year, gender, planet_id, external_id, created_at, updated_at) VALUES (60, 'Cordé', 157, 'unknown', 'brown', 'light', 'brown', 'unknown', 'female', 8, 61, '2022-07-18 08:14:41', '2022-07-18 08:14:41');
INSERT INTO people (id, name, height, mass, hair_color, skin_color, eye_color, birth_year, gender, planet_id, external_id, created_at, updated_at) VALUES (61, 'Cliegg Lars', 183, 'unknown', 'brown', 'fair', 'blue', '82BBY', 'male', 1, 62, '2022-07-18 08:14:43', '2022-07-18 08:14:43');
INSERT INTO people (id, name, height, mass, hair_color, skin_color, eye_color, birth_year, gender, planet_id, external_id, created_at, updated_at) VALUES (62, 'Poggle the Lesser', 183, 80, 'none', 'green', 'yellow', 'unknown', 'male', 11, 63, '2022-07-18 08:14:43', '2022-07-18 08:14:43');
INSERT INTO people (id, name, height, mass, hair_color, skin_color, eye_color, birth_year, gender, planet_id, external_id, created_at, updated_at) VALUES (63, 'Luminara Unduli', 170, 56.2, 'black', 'yellow', 'blue', '58BBY', 'female', 51, 64, '2022-07-18 08:14:43', '2022-07-18 08:14:43');
INSERT INTO people (id, name, height, mass, hair_color, skin_color, eye_color, birth_year, gender, planet_id, external_id, created_at, updated_at) VALUES (64, 'Barriss Offee', 166, 50, 'black', 'yellow', 'blue', '40BBY', 'female', 51, 65, '2022-07-18 08:14:43', '2022-07-18 08:14:43');
INSERT INTO people (id, name, height, mass, hair_color, skin_color, eye_color, birth_year, gender, planet_id, external_id, created_at, updated_at) VALUES (65, 'Dormé', 165, 'unknown', 'brown', 'light', 'brown', 'unknown', 'female', 8, 66, '2022-07-18 08:14:43', '2022-07-18 08:14:43');
INSERT INTO people (id, name, height, mass, hair_color, skin_color, eye_color, birth_year, gender, planet_id, external_id, created_at, updated_at) VALUES (66, 'Dooku', 193, 80, 'white', 'fair', 'brown', '102BBY', 'male', 52, 67, '2022-07-18 08:14:43', '2022-07-18 08:14:43');
INSERT INTO people (id, name, height, mass, hair_color, skin_color, eye_color, birth_year, gender, planet_id, external_id, created_at, updated_at) VALUES (67, 'Bail Prestor Organa', 191, 'unknown', 'black', 'tan', 'brown', '67BBY', 'male', 2, 68, '2022-07-18 08:14:43', '2022-07-18 08:14:43');
INSERT INTO people (id, name, height, mass, hair_color, skin_color, eye_color, birth_year, gender, planet_id, external_id, created_at, updated_at) VALUES (68, 'Jango Fett', 183, 79, 'black', 'tan', 'brown', '66BBY', 'male', 53, 69, '2022-07-18 08:14:43', '2022-07-18 08:14:43');
INSERT INTO people (id, name, height, mass, hair_color, skin_color, eye_color, birth_year, gender, planet_id, external_id, created_at, updated_at) VALUES (69, 'Zam Wesell', 168, 55, 'blonde', 'fair, green, yellow', 'yellow', 'unknown', 'female', 54, 70, '2022-07-18 08:14:43', '2022-07-18 08:14:43');
INSERT INTO people (id, name, height, mass, hair_color, skin_color, eye_color, birth_year, gender, planet_id, external_id, created_at, updated_at) VALUES (70, 'Dexter Jettster', 198, 102, 'none', 'brown', 'yellow', 'unknown', 'male', 55, 71, '2022-07-18 08:14:43', '2022-07-18 08:14:43');
INSERT INTO people (id, name, height, mass, hair_color, skin_color, eye_color, birth_year, gender, planet_id, external_id, created_at, updated_at) VALUES (71, 'Lama Su', 229, 88, 'none', 'grey', 'black', 'unknown', 'male', 10, 72, '2022-07-18 08:14:44', '2022-07-18 08:14:44');
INSERT INTO people (id, name, height, mass, hair_color, skin_color, eye_color, birth_year, gender, planet_id, external_id, created_at, updated_at) VALUES (72, 'Taun We', 213, 'unknown', 'none', 'grey', 'black', 'unknown', 'female', 10, 73, '2022-07-18 08:14:44', '2022-07-18 08:14:44');
INSERT INTO people (id, name, height, mass, hair_color, skin_color, eye_color, birth_year, gender, planet_id, external_id, created_at, updated_at) VALUES (73, 'Jocasta Nu', 167, 'unknown', 'white', 'fair', 'blue', 'unknown', 'female', 9, 74, '2022-07-18 08:14:44', '2022-07-18 08:14:44');
INSERT INTO people (id, name, height, mass, hair_color, skin_color, eye_color, birth_year, gender, planet_id, external_id, created_at, updated_at) VALUES (74, 'R4-P17', 96, 'unknown', 'none', 'silver, red', 'red, blue', 'unknown', 'female', 28, 75, '2022-07-18 08:14:44', '2022-07-18 08:14:44');
INSERT INTO people (id, name, height, mass, hair_color, skin_color, eye_color, birth_year, gender, planet_id, external_id, created_at, updated_at) VALUES (75, 'Wat Tambor', 193, 48, 'none', 'green, grey', 'unknown', 'unknown', 'male', 56, 76, '2022-07-18 08:14:44', '2022-07-18 08:14:44');
INSERT INTO people (id, name, height, mass, hair_color, skin_color, eye_color, birth_year, gender, planet_id, external_id, created_at, updated_at) VALUES (76, 'San Hill', 191, 'unknown', 'none', 'grey', 'gold', 'unknown', 'male', 57, 77, '2022-07-18 08:14:44', '2022-07-18 08:14:44');
INSERT INTO people (id, name, height, mass, hair_color, skin_color, eye_color, birth_year, gender, planet_id, external_id, created_at, updated_at) VALUES (77, 'Shaak Ti', 178, 57, 'none', 'red, blue, white', 'black', 'unknown', 'female', 58, 78, '2022-07-18 08:14:44', '2022-07-18 08:14:44');
INSERT INTO people (id, name, height, mass, hair_color, skin_color, eye_color, birth_year, gender, planet_id, external_id, created_at, updated_at) VALUES (78, 'Grievous', 216, 159, 'none', 'brown, white', 'green, yellow', 'unknown', 'male', 59, 79, '2022-07-18 08:14:44', '2022-07-18 08:14:44');
INSERT INTO people (id, name, height, mass, hair_color, skin_color, eye_color, birth_year, gender, planet_id, external_id, created_at, updated_at) VALUES (79, 'Tarfful', 234, 136, 'brown', 'brown', 'blue', 'unknown', 'male', 14, 80, '2022-07-18 08:14:44', '2022-07-18 08:14:44');
INSERT INTO people (id, name, height, mass, hair_color, skin_color, eye_color, birth_year, gender, planet_id, external_id, created_at, updated_at) VALUES (80, 'Raymus Antilles', 188, 79, 'brown', 'light', 'brown', 'unknown', 'male', 2, 81, '2022-07-18 08:14:44', '2022-07-18 08:14:44');
INSERT INTO people (id, name, height, mass, hair_color, skin_color, eye_color, birth_year, gender, planet_id, external_id, created_at, updated_at) VALUES (81, 'Sly Moore', 178, 48, 'none', 'pale', 'white', 'unknown', 'female', 60, 82, '2022-07-18 08:14:45', '2022-07-18 08:14:45');
INSERT INTO people (id, name, height, mass, hair_color, skin_color, eye_color, birth_year, gender, planet_id, external_id, created_at, updated_at) VALUES (82, 'Tion Medon', 206, 80, 'none', 'grey', 'black', 'unknown', 'male', 12, 83, '2022-07-18 08:14:45', '2022-07-18 08:14:45');

-- Table: person_starship
DROP TABLE IF EXISTS person_starship;
CREATE TABLE "person_starship" ("id" integer not null primary key autoincrement, "person_id" integer not null, "starship_id" integer not null, "created_at" datetime, "updated_at" datetime);
INSERT INTO person_starship (id, person_id, starship_id, created_at, updated_at) VALUES (1, 1, 12, NULL, NULL);
INSERT INTO person_starship (id, person_id, starship_id, created_at, updated_at) VALUES (2, 1, 22, NULL, NULL);
INSERT INTO person_starship (id, person_id, starship_id, created_at, updated_at) VALUES (3, 4, 13, NULL, NULL);
INSERT INTO person_starship (id, person_id, starship_id, created_at, updated_at) VALUES (4, 9, 12, NULL, NULL);
INSERT INTO person_starship (id, person_id, starship_id, created_at, updated_at) VALUES (5, 10, 48, NULL, NULL);
INSERT INTO person_starship (id, person_id, starship_id, created_at, updated_at) VALUES (6, 10, 59, NULL, NULL);
INSERT INTO person_starship (id, person_id, starship_id, created_at, updated_at) VALUES (7, 10, 64, NULL, NULL);
INSERT INTO person_starship (id, person_id, starship_id, created_at, updated_at) VALUES (8, 10, 65, NULL, NULL);
INSERT INTO person_starship (id, person_id, starship_id, created_at, updated_at) VALUES (9, 10, 74, NULL, NULL);
INSERT INTO person_starship (id, person_id, starship_id, created_at, updated_at) VALUES (10, 11, 39, NULL, NULL);
INSERT INTO person_starship (id, person_id, starship_id, created_at, updated_at) VALUES (11, 11, 59, NULL, NULL);
INSERT INTO person_starship (id, person_id, starship_id, created_at, updated_at) VALUES (12, 11, 65, NULL, NULL);
INSERT INTO person_starship (id, person_id, starship_id, created_at, updated_at) VALUES (13, 13, 10, NULL, NULL);
INSERT INTO person_starship (id, person_id, starship_id, created_at, updated_at) VALUES (14, 13, 22, NULL, NULL);
INSERT INTO person_starship (id, person_id, starship_id, created_at, updated_at) VALUES (15, 14, 10, NULL, NULL);
INSERT INTO person_starship (id, person_id, starship_id, created_at, updated_at) VALUES (16, 14, 22, NULL, NULL);
INSERT INTO person_starship (id, person_id, starship_id, created_at, updated_at) VALUES (17, 17, 12, NULL, NULL);
INSERT INTO person_starship (id, person_id, starship_id, created_at, updated_at) VALUES (18, 18, 12, NULL, NULL);
INSERT INTO person_starship (id, person_id, starship_id, created_at, updated_at) VALUES (19, 21, 21, NULL, NULL);
INSERT INTO person_starship (id, person_id, starship_id, created_at, updated_at) VALUES (20, 24, 10, NULL, NULL);
INSERT INTO person_starship (id, person_id, starship_id, created_at, updated_at) VALUES (21, 28, 28, NULL, NULL);
INSERT INTO person_starship (id, person_id, starship_id, created_at, updated_at) VALUES (22, 30, 10, NULL, NULL);
INSERT INTO person_starship (id, person_id, starship_id, created_at, updated_at) VALUES (23, 34, 39, NULL, NULL);
INSERT INTO person_starship (id, person_id, starship_id, created_at, updated_at) VALUES (24, 34, 49, NULL, NULL);
INSERT INTO person_starship (id, person_id, starship_id, created_at, updated_at) VALUES (25, 34, 64, NULL, NULL);
INSERT INTO person_starship (id, person_id, starship_id, created_at, updated_at) VALUES (26, 38, 40, NULL, NULL);
INSERT INTO person_starship (id, person_id, starship_id, created_at, updated_at) VALUES (27, 43, 41, NULL, NULL);
INSERT INTO person_starship (id, person_id, starship_id, created_at, updated_at) VALUES (28, 57, 48, NULL, NULL);
INSERT INTO person_starship (id, person_id, starship_id, created_at, updated_at) VALUES (29, 59, 39, NULL, NULL);
INSERT INTO person_starship (id, person_id, starship_id, created_at, updated_at) VALUES (30, 78, 74, NULL, NULL);

-- Table: personal_access_tokens
DROP TABLE IF EXISTS personal_access_tokens;
CREATE TABLE "personal_access_tokens" ("id" integer not null primary key autoincrement, "tokenable_type" varchar not null, "tokenable_id" integer not null, "name" varchar not null, "token" varchar not null, "abilities" text, "last_used_at" datetime, "created_at" datetime, "updated_at" datetime);

-- Table: planets
DROP TABLE IF EXISTS planets;
CREATE TABLE "planets" ("id" integer not null primary key autoincrement, "name" varchar not null, "rotation_period" integer not null, "orbital_period" integer not null, "diameter" integer not null, "climate" varchar not null, "gravity" varchar not null, "terrain" varchar not null, "surface_water" integer not null, "population" varchar not null, "external_id" integer not null, "created_at" datetime, "updated_at" datetime);
INSERT INTO planets (id, name, rotation_period, orbital_period, diameter, climate, gravity, terrain, surface_water, population, external_id, created_at, updated_at) VALUES (1, 'Tatooine', 23, 304, 10465, 'arid', '1 standard', 'desert', 1, '200000', 1, '2022-07-18 08:14:24', '2022-07-18 08:14:24');
INSERT INTO planets (id, name, rotation_period, orbital_period, diameter, climate, gravity, terrain, surface_water, population, external_id, created_at, updated_at) VALUES (2, 'Alderaan', 24, 364, 12500, 'temperate', '1 standard', 'grasslands, mountains', 40, '2000000000', 2, '2022-07-18 08:14:24', '2022-07-18 08:14:24');
INSERT INTO planets (id, name, rotation_period, orbital_period, diameter, climate, gravity, terrain, surface_water, population, external_id, created_at, updated_at) VALUES (3, 'Yavin IV', 24, 4818, 10200, 'temperate, tropical', '1 standard', 'jungle, rainforests', 8, '1000', 3, '2022-07-18 08:14:24', '2022-07-18 08:14:24');
INSERT INTO planets (id, name, rotation_period, orbital_period, diameter, climate, gravity, terrain, surface_water, population, external_id, created_at, updated_at) VALUES (4, 'Hoth', 23, 549, 7200, 'frozen', '1.1 standard', 'tundra, ice caves, mountain ranges', 100, 'unknown', 4, '2022-07-18 08:14:24', '2022-07-18 08:14:24');
INSERT INTO planets (id, name, rotation_period, orbital_period, diameter, climate, gravity, terrain, surface_water, population, external_id, created_at, updated_at) VALUES (5, 'Dagobah', 23, 341, 8900, 'murky', 'N/A', 'swamp, jungles', 8, 'unknown', 5, '2022-07-18 08:14:24', '2022-07-18 08:14:24');
INSERT INTO planets (id, name, rotation_period, orbital_period, diameter, climate, gravity, terrain, surface_water, population, external_id, created_at, updated_at) VALUES (6, 'Bespin', 12, 5110, 118000, 'temperate', '1.5 (surface), 1 standard (Cloud City)', 'gas giant', 0, '6000000', 6, '2022-07-18 08:14:24', '2022-07-18 08:14:24');
INSERT INTO planets (id, name, rotation_period, orbital_period, diameter, climate, gravity, terrain, surface_water, population, external_id, created_at, updated_at) VALUES (7, 'Endor', 18, 402, 4900, 'temperate', '0.85 standard', 'forests, mountains, lakes', 8, '30000000', 7, '2022-07-18 08:14:24', '2022-07-18 08:14:24');
INSERT INTO planets (id, name, rotation_period, orbital_period, diameter, climate, gravity, terrain, surface_water, population, external_id, created_at, updated_at) VALUES (8, 'Naboo', 26, 312, 12120, 'temperate', '1 standard', 'grassy hills, swamps, forests, mountains', 12, '4500000000', 8, '2022-07-18 08:14:24', '2022-07-18 08:14:24');
INSERT INTO planets (id, name, rotation_period, orbital_period, diameter, climate, gravity, terrain, surface_water, population, external_id, created_at, updated_at) VALUES (9, 'Coruscant', 24, 368, 12240, 'temperate', '1 standard', 'cityscape, mountains', 'unknown', '1000000000000', 9, '2022-07-18 08:14:24', '2022-07-18 08:14:24');
INSERT INTO planets (id, name, rotation_period, orbital_period, diameter, climate, gravity, terrain, surface_water, population, external_id, created_at, updated_at) VALUES (10, 'Kamino', 27, 463, 19720, 'temperate', '1 standard', 'ocean', 100, '1000000000', 10, '2022-07-18 08:14:24', '2022-07-18 08:14:24');
INSERT INTO planets (id, name, rotation_period, orbital_period, diameter, climate, gravity, terrain, surface_water, population, external_id, created_at, updated_at) VALUES (11, 'Geonosis', 30, 256, 11370, 'temperate, arid', '0.9 standard', 'rock, desert, mountain, barren', 5, '100000000000', 11, '2022-07-18 08:14:25', '2022-07-18 08:14:25');
INSERT INTO planets (id, name, rotation_period, orbital_period, diameter, climate, gravity, terrain, surface_water, population, external_id, created_at, updated_at) VALUES (12, 'Utapau', 27, 351, 12900, 'temperate, arid, windy', '1 standard', 'scrublands, savanna, canyons, sinkholes', 0.9, '95000000', 12, '2022-07-18 08:14:25', '2022-07-18 08:14:25');
INSERT INTO planets (id, name, rotation_period, orbital_period, diameter, climate, gravity, terrain, surface_water, population, external_id, created_at, updated_at) VALUES (13, 'Mustafar', 36, 412, 4200, 'hot', '1 standard', 'volcanoes, lava rivers, mountains, caves', 0, '20000', 13, '2022-07-18 08:14:25', '2022-07-18 08:14:25');
INSERT INTO planets (id, name, rotation_period, orbital_period, diameter, climate, gravity, terrain, surface_water, population, external_id, created_at, updated_at) VALUES (14, 'Kashyyyk', 26, 381, 12765, 'tropical', '1 standard', 'jungle, forests, lakes, rivers', 60, '45000000', 14, '2022-07-18 08:14:25', '2022-07-18 08:14:25');
INSERT INTO planets (id, name, rotation_period, orbital_period, diameter, climate, gravity, terrain, surface_water, population, external_id, created_at, updated_at) VALUES (15, 'Polis Massa', 24, 590, 0, 'artificial temperate ', '0.56 standard', 'airless asteroid', 0, '1000000', 15, '2022-07-18 08:14:25', '2022-07-18 08:14:25');
INSERT INTO planets (id, name, rotation_period, orbital_period, diameter, climate, gravity, terrain, surface_water, population, external_id, created_at, updated_at) VALUES (16, 'Mygeeto', 12, 167, 10088, 'frigid', '1 standard', 'glaciers, mountains, ice canyons', 'unknown', '19000000', 16, '2022-07-18 08:14:25', '2022-07-18 08:14:25');
INSERT INTO planets (id, name, rotation_period, orbital_period, diameter, climate, gravity, terrain, surface_water, population, external_id, created_at, updated_at) VALUES (17, 'Felucia', 34, 231, 9100, 'hot, humid', '0.75 standard', 'fungus forests', 'unknown', '8500000', 17, '2022-07-18 08:14:25', '2022-07-18 08:14:25');
INSERT INTO planets (id, name, rotation_period, orbital_period, diameter, climate, gravity, terrain, surface_water, population, external_id, created_at, updated_at) VALUES (18, 'Cato Neimoidia', 25, 278, 0, 'temperate, moist', '1 standard', 'mountains, fields, forests, rock arches', 'unknown', '10000000', 18, '2022-07-18 08:14:25', '2022-07-18 08:14:25');
INSERT INTO planets (id, name, rotation_period, orbital_period, diameter, climate, gravity, terrain, surface_water, population, external_id, created_at, updated_at) VALUES (19, 'Saleucami', 26, 392, 14920, 'hot', 'unknown', 'caves, desert, mountains, volcanoes', 'unknown', '1400000000', 19, '2022-07-18 08:14:25', '2022-07-18 08:14:25');
INSERT INTO planets (id, name, rotation_period, orbital_period, diameter, climate, gravity, terrain, surface_water, population, external_id, created_at, updated_at) VALUES (20, 'Stewjon', 'unknown', 'unknown', 0, 'temperate', '1 standard', 'grass', 'unknown', 'unknown', 20, '2022-07-18 08:14:25', '2022-07-18 08:14:25');
INSERT INTO planets (id, name, rotation_period, orbital_period, diameter, climate, gravity, terrain, surface_water, population, external_id, created_at, updated_at) VALUES (21, 'Eriadu', 24, 360, 13490, 'polluted', '1 standard', 'cityscape', 'unknown', '22000000000', 21, '2022-07-18 08:14:26', '2022-07-18 08:14:26');
INSERT INTO planets (id, name, rotation_period, orbital_period, diameter, climate, gravity, terrain, surface_water, population, external_id, created_at, updated_at) VALUES (22, 'Corellia', 25, 329, 11000, 'temperate', '1 standard', 'plains, urban, hills, forests', 70, '3000000000', 22, '2022-07-18 08:14:26', '2022-07-18 08:14:26');
INSERT INTO planets (id, name, rotation_period, orbital_period, diameter, climate, gravity, terrain, surface_water, population, external_id, created_at, updated_at) VALUES (23, 'Rodia', 29, 305, 7549, 'hot', '1 standard', 'jungles, oceans, urban, swamps', 60, '1300000000', 23, '2022-07-18 08:14:26', '2022-07-18 08:14:26');
INSERT INTO planets (id, name, rotation_period, orbital_period, diameter, climate, gravity, terrain, surface_water, population, external_id, created_at, updated_at) VALUES (24, 'Nal Hutta', 87, 413, 12150, 'temperate', '1 standard', 'urban, oceans, swamps, bogs', 'unknown', '7000000000', 24, '2022-07-18 08:14:26', '2022-07-18 08:14:26');
INSERT INTO planets (id, name, rotation_period, orbital_period, diameter, climate, gravity, terrain, surface_water, population, external_id, created_at, updated_at) VALUES (25, 'Dantooine', 25, 378, 9830, 'temperate', '1 standard', 'oceans, savannas, mountains, grasslands', 'unknown', '1000', 25, '2022-07-18 08:14:26', '2022-07-18 08:14:26');
INSERT INTO planets (id, name, rotation_period, orbital_period, diameter, climate, gravity, terrain, surface_water, population, external_id, created_at, updated_at) VALUES (26, 'Bestine IV', 26, 680, 6400, 'temperate', 'unknown', 'rocky islands, oceans', 98, '62000000', 26, '2022-07-18 08:14:26', '2022-07-18 08:14:26');
INSERT INTO planets (id, name, rotation_period, orbital_period, diameter, climate, gravity, terrain, surface_water, population, external_id, created_at, updated_at) VALUES (27, 'Ord Mantell', 26, 334, 14050, 'temperate', '1 standard', 'plains, seas, mesas', 10, '4000000000', 27, '2022-07-18 08:14:26', '2022-07-18 08:14:26');
INSERT INTO planets (id, name, rotation_period, orbital_period, diameter, climate, gravity, terrain, surface_water, population, external_id, created_at, updated_at) VALUES (28, 'unknown', 0, 0, 0, 'unknown', 'unknown', 'unknown', 'unknown', 'unknown', 28, '2022-07-18 08:14:26', '2022-07-18 08:14:26');
INSERT INTO planets (id, name, rotation_period, orbital_period, diameter, climate, gravity, terrain, surface_water, population, external_id, created_at, updated_at) VALUES (29, 'Trandosha', 25, 371, 0, 'arid', '0.62 standard', 'mountains, seas, grasslands, deserts', 'unknown', '42000000', 29, '2022-07-18 08:14:26', '2022-07-18 08:14:26');
INSERT INTO planets (id, name, rotation_period, orbital_period, diameter, climate, gravity, terrain, surface_water, population, external_id, created_at, updated_at) VALUES (30, 'Socorro', 20, 326, 0, 'arid', '1 standard', 'deserts, mountains', 'unknown', '300000000', 30, '2022-07-18 08:14:26', '2022-07-18 08:14:26');
INSERT INTO planets (id, name, rotation_period, orbital_period, diameter, climate, gravity, terrain, surface_water, population, external_id, created_at, updated_at) VALUES (31, 'Mon Cala', 21, 398, 11030, 'temperate', '1', 'oceans, reefs, islands', 100, '27000000000', 31, '2022-07-18 08:14:27', '2022-07-18 08:14:27');
INSERT INTO planets (id, name, rotation_period, orbital_period, diameter, climate, gravity, terrain, surface_water, population, external_id, created_at, updated_at) VALUES (32, 'Chandrila', 20, 368, 13500, 'temperate', '1', 'plains, forests', 40, '1200000000', 32, '2022-07-18 08:14:27', '2022-07-18 08:14:27');
INSERT INTO planets (id, name, rotation_period, orbital_period, diameter, climate, gravity, terrain, surface_water, population, external_id, created_at, updated_at) VALUES (33, 'Sullust', 20, 263, 12780, 'superheated', '1', 'mountains, volcanoes, rocky deserts', 5, '18500000000', 33, '2022-07-18 08:14:27', '2022-07-18 08:14:27');
INSERT INTO planets (id, name, rotation_period, orbital_period, diameter, climate, gravity, terrain, surface_water, population, external_id, created_at, updated_at) VALUES (34, 'Toydaria', 21, 184, 7900, 'temperate', '1', 'swamps, lakes', 'unknown', '11000000', 34, '2022-07-18 08:14:27', '2022-07-18 08:14:27');
INSERT INTO planets (id, name, rotation_period, orbital_period, diameter, climate, gravity, terrain, surface_water, population, external_id, created_at, updated_at) VALUES (35, 'Malastare', 26, 201, 18880, 'arid, temperate, tropical', '1.56', 'swamps, deserts, jungles, mountains', 'unknown', '2000000000', 35, '2022-07-18 08:14:27', '2022-07-18 08:14:27');
INSERT INTO planets (id, name, rotation_period, orbital_period, diameter, climate, gravity, terrain, surface_water, population, external_id, created_at, updated_at) VALUES (36, 'Dathomir', 24, 491, 10480, 'temperate', '0.9', 'forests, deserts, savannas', 'unknown', '5200', 36, '2022-07-18 08:14:27', '2022-07-18 08:14:27');
INSERT INTO planets (id, name, rotation_period, orbital_period, diameter, climate, gravity, terrain, surface_water, population, external_id, created_at, updated_at) VALUES (37, 'Ryloth', 30, 305, 10600, 'temperate, arid, subartic', '1', 'mountains, valleys, deserts, tundra', 5, '1500000000', 37, '2022-07-18 08:14:27', '2022-07-18 08:14:27');
INSERT INTO planets (id, name, rotation_period, orbital_period, diameter, climate, gravity, terrain, surface_water, population, external_id, created_at, updated_at) VALUES (38, 'Aleen Minor', 'unknown', 'unknown', 'unknown', 'unknown', 'unknown', 'unknown', 'unknown', 'unknown', 38, '2022-07-18 08:14:27', '2022-07-18 08:14:27');
INSERT INTO planets (id, name, rotation_period, orbital_period, diameter, climate, gravity, terrain, surface_water, population, external_id, created_at, updated_at) VALUES (39, 'Vulpter', 22, 391, 14900, 'temperate, artic', '1', 'urban, barren', 'unknown', '421000000', 39, '2022-07-18 08:14:27', '2022-07-18 08:14:27');
INSERT INTO planets (id, name, rotation_period, orbital_period, diameter, climate, gravity, terrain, surface_water, population, external_id, created_at, updated_at) VALUES (40, 'Troiken', 'unknown', 'unknown', 'unknown', 'unknown', 'unknown', 'desert, tundra, rainforests, mountains', 'unknown', 'unknown', 40, '2022-07-18 08:14:27', '2022-07-18 08:14:27');
INSERT INTO planets (id, name, rotation_period, orbital_period, diameter, climate, gravity, terrain, surface_water, population, external_id, created_at, updated_at) VALUES (41, 'Tund', 48, 1770, 12190, 'unknown', 'unknown', 'barren, ash', 'unknown', '0', 41, '2022-07-18 08:14:28', '2022-07-18 08:14:28');
INSERT INTO planets (id, name, rotation_period, orbital_period, diameter, climate, gravity, terrain, surface_water, population, external_id, created_at, updated_at) VALUES (42, 'Haruun Kal', 25, 383, 10120, 'temperate', '0.98', 'toxic cloudsea, plateaus, volcanoes', 'unknown', '705300', 42, '2022-07-18 08:14:29', '2022-07-18 08:14:29');
INSERT INTO planets (id, name, rotation_period, orbital_period, diameter, climate, gravity, terrain, surface_water, population, external_id, created_at, updated_at) VALUES (43, 'Cerea', 27, 386, 'unknown', 'temperate', '1', 'verdant', 20, '450000000', 43, '2022-07-18 08:14:29', '2022-07-18 08:14:29');
INSERT INTO planets (id, name, rotation_period, orbital_period, diameter, climate, gravity, terrain, surface_water, population, external_id, created_at, updated_at) VALUES (44, 'Glee Anselm', 33, 206, 15600, 'tropical, temperate', '1', 'lakes, islands, swamps, seas', 80, '500000000', 44, '2022-07-18 08:14:29', '2022-07-18 08:14:29');
INSERT INTO planets (id, name, rotation_period, orbital_period, diameter, climate, gravity, terrain, surface_water, population, external_id, created_at, updated_at) VALUES (45, 'Iridonia', 29, 413, 'unknown', 'unknown', 'unknown', 'rocky canyons, acid pools', 'unknown', 'unknown', 45, '2022-07-18 08:14:29', '2022-07-18 08:14:29');
INSERT INTO planets (id, name, rotation_period, orbital_period, diameter, climate, gravity, terrain, surface_water, population, external_id, created_at, updated_at) VALUES (46, 'Tholoth', 'unknown', 'unknown', 'unknown', 'unknown', 'unknown', 'unknown', 'unknown', 'unknown', 46, '2022-07-18 08:14:29', '2022-07-18 08:14:29');
INSERT INTO planets (id, name, rotation_period, orbital_period, diameter, climate, gravity, terrain, surface_water, population, external_id, created_at, updated_at) VALUES (47, 'Iktotch', 22, 481, 'unknown', 'arid, rocky, windy', '1', 'rocky', 'unknown', 'unknown', 47, '2022-07-18 08:14:29', '2022-07-18 08:14:29');
INSERT INTO planets (id, name, rotation_period, orbital_period, diameter, climate, gravity, terrain, surface_water, population, external_id, created_at, updated_at) VALUES (48, 'Quermia', 'unknown', 'unknown', 'unknown', 'unknown', 'unknown', 'unknown', 'unknown', 'unknown', 48, '2022-07-18 08:14:29', '2022-07-18 08:14:29');
INSERT INTO planets (id, name, rotation_period, orbital_period, diameter, climate, gravity, terrain, surface_water, population, external_id, created_at, updated_at) VALUES (49, 'Dorin', 22, 409, 13400, 'temperate', '1', 'unknown', 'unknown', 'unknown', 49, '2022-07-18 08:14:29', '2022-07-18 08:14:29');
INSERT INTO planets (id, name, rotation_period, orbital_period, diameter, climate, gravity, terrain, surface_water, population, external_id, created_at, updated_at) VALUES (50, 'Champala', 27, 318, 'unknown', 'temperate', '1', 'oceans, rainforests, plateaus', 'unknown', '3500000000', 50, '2022-07-18 08:14:29', '2022-07-18 08:14:29');
INSERT INTO planets (id, name, rotation_period, orbital_period, diameter, climate, gravity, terrain, surface_water, population, external_id, created_at, updated_at) VALUES (51, 'Mirial', 'unknown', 'unknown', 'unknown', 'unknown', 'unknown', 'deserts', 'unknown', 'unknown', 51, '2022-07-18 08:14:30', '2022-07-18 08:14:30');
INSERT INTO planets (id, name, rotation_period, orbital_period, diameter, climate, gravity, terrain, surface_water, population, external_id, created_at, updated_at) VALUES (52, 'Serenno', 'unknown', 'unknown', 'unknown', 'unknown', 'unknown', 'rainforests, rivers, mountains', 'unknown', 'unknown', 52, '2022-07-18 08:14:30', '2022-07-18 08:14:30');
INSERT INTO planets (id, name, rotation_period, orbital_period, diameter, climate, gravity, terrain, surface_water, population, external_id, created_at, updated_at) VALUES (53, 'Concord Dawn', 'unknown', 'unknown', 'unknown', 'unknown', 'unknown', 'jungles, forests, deserts', 'unknown', 'unknown', 53, '2022-07-18 08:14:30', '2022-07-18 08:14:30');
INSERT INTO planets (id, name, rotation_period, orbital_period, diameter, climate, gravity, terrain, surface_water, population, external_id, created_at, updated_at) VALUES (54, 'Zolan', 'unknown', 'unknown', 'unknown', 'unknown', 'unknown', 'unknown', 'unknown', 'unknown', 54, '2022-07-18 08:14:30', '2022-07-18 08:14:30');
INSERT INTO planets (id, name, rotation_period, orbital_period, diameter, climate, gravity, terrain, surface_water, population, external_id, created_at, updated_at) VALUES (55, 'Ojom', 'unknown', 'unknown', 'unknown', 'frigid', 'unknown', 'oceans, glaciers', 100, '500000000', 55, '2022-07-18 08:14:30', '2022-07-18 08:14:30');
INSERT INTO planets (id, name, rotation_period, orbital_period, diameter, climate, gravity, terrain, surface_water, population, external_id, created_at, updated_at) VALUES (56, 'Skako', 27, 384, 'unknown', 'temperate', '1', 'urban, vines', 'unknown', '500000000000', 56, '2022-07-18 08:14:30', '2022-07-18 08:14:30');
INSERT INTO planets (id, name, rotation_period, orbital_period, diameter, climate, gravity, terrain, surface_water, population, external_id, created_at, updated_at) VALUES (57, 'Muunilinst', 28, 412, 13800, 'temperate', '1', 'plains, forests, hills, mountains', 25, '5000000000', 57, '2022-07-18 08:14:30', '2022-07-18 08:14:30');
INSERT INTO planets (id, name, rotation_period, orbital_period, diameter, climate, gravity, terrain, surface_water, population, external_id, created_at, updated_at) VALUES (58, 'Shili', 'unknown', 'unknown', 'unknown', 'temperate', '1', 'cities, savannahs, seas, plains', 'unknown', 'unknown', 58, '2022-07-18 08:14:30', '2022-07-18 08:14:30');
INSERT INTO planets (id, name, rotation_period, orbital_period, diameter, climate, gravity, terrain, surface_water, population, external_id, created_at, updated_at) VALUES (59, 'Kalee', 23, 378, 13850, 'arid, temperate, tropical', '1', 'rainforests, cliffs, canyons, seas', 'unknown', '4000000000', 59, '2022-07-18 08:14:30', '2022-07-18 08:14:30');
INSERT INTO planets (id, name, rotation_period, orbital_period, diameter, climate, gravity, terrain, surface_water, population, external_id, created_at, updated_at) VALUES (60, 'Umbara', 'unknown', 'unknown', 'unknown', 'unknown', 'unknown', 'unknown', 'unknown', 'unknown', 60, '2022-07-18 08:14:30', '2022-07-18 08:14:30');

-- Table: starships
DROP TABLE IF EXISTS starships;
CREATE TABLE "starships" ("id" integer not null primary key autoincrement, "name" varchar not null, "model" varchar not null, "manufacturer" varchar not null, "cost_in_credits" integer not null, "length" integer not null, "max_atmosphering_speed" integer not null, "crew" varchar not null, "passengers" integer not null, "cargo_capacity" integer not null, "hyperdrive_rating" varchar not null, "MGLT" integer not null, "starship_class" varchar not null, "external_id" integer not null, "created_at" datetime, "updated_at" datetime);
INSERT INTO starships (id, name, model, manufacturer, cost_in_credits, length, max_atmosphering_speed, crew, passengers, cargo_capacity, hyperdrive_rating, MGLT, starship_class, external_id, created_at, updated_at) VALUES (1, 'CR90 corvette', 'CR90 corvette', 'Corellian Engineering Corporation', 3500000, 150, 950, '30-165', 600, 3000000, '2.0', 60, '60', 2, '2022-07-18 08:14:31', '2022-07-18 08:14:31');
INSERT INTO starships (id, name, model, manufacturer, cost_in_credits, length, max_atmosphering_speed, crew, passengers, cargo_capacity, hyperdrive_rating, MGLT, starship_class, external_id, created_at, updated_at) VALUES (2, 'Star Destroyer', 'Imperial I-class Star Destroyer', 'Kuat Drive Yards', 150000000, '1,600', 975, '47,060', 'n/a', 36000000, '2.0', 60, '60', 3, '2022-07-18 08:14:31', '2022-07-18 08:14:31');
INSERT INTO starships (id, name, model, manufacturer, cost_in_credits, length, max_atmosphering_speed, crew, passengers, cargo_capacity, hyperdrive_rating, MGLT, starship_class, external_id, created_at, updated_at) VALUES (3, 'Sentinel-class landing craft', 'Sentinel-class landing craft', 'Sienar Fleet Systems, Cyngus Spaceworks', 240000, 38, 1000, '5', 75, 180000, '1.0', 70, '70', 5, '2022-07-18 08:14:31', '2022-07-18 08:14:31');
INSERT INTO starships (id, name, model, manufacturer, cost_in_credits, length, max_atmosphering_speed, crew, passengers, cargo_capacity, hyperdrive_rating, MGLT, starship_class, external_id, created_at, updated_at) VALUES (4, 'Death Star', 'DS-1 Orbital Battle Station', 'Imperial Department of Military Research, Sienar Fleet Systems', 1000000000000, 120000, 'n/a', '342,953', '843,342', 1000000000000, '4.0', 10, '10', 9, '2022-07-18 08:14:31', '2022-07-18 08:14:31');
INSERT INTO starships (id, name, model, manufacturer, cost_in_credits, length, max_atmosphering_speed, crew, passengers, cargo_capacity, hyperdrive_rating, MGLT, starship_class, external_id, created_at, updated_at) VALUES (5, 'Millennium Falcon', 'YT-1300 light freighter', 'Corellian Engineering Corporation', 100000, 34.37, 1050, '4', 6, 100000, '0.5', 75, '75', 10, '2022-07-18 08:14:31', '2022-07-18 08:14:31');
INSERT INTO starships (id, name, model, manufacturer, cost_in_credits, length, max_atmosphering_speed, crew, passengers, cargo_capacity, hyperdrive_rating, MGLT, starship_class, external_id, created_at, updated_at) VALUES (6, 'Y-wing', 'BTL Y-wing', 'Koensayr Manufacturing', 134999, 14, '1000km', '2', 0, 110, '1.0', 80, '80', 11, '2022-07-18 08:14:31', '2022-07-18 08:14:31');
INSERT INTO starships (id, name, model, manufacturer, cost_in_credits, length, max_atmosphering_speed, crew, passengers, cargo_capacity, hyperdrive_rating, MGLT, starship_class, external_id, created_at, updated_at) VALUES (7, 'X-wing', 'T-65 X-wing', 'Incom Corporation', 149999, 12.5, 1050, '1', 0, 110, '1.0', 100, '100', 12, '2022-07-18 08:14:31', '2022-07-18 08:14:31');
INSERT INTO starships (id, name, model, manufacturer, cost_in_credits, length, max_atmosphering_speed, crew, passengers, cargo_capacity, hyperdrive_rating, MGLT, starship_class, external_id, created_at, updated_at) VALUES (8, 'TIE Advanced x1', 'Twin Ion Engine Advanced x1', 'Sienar Fleet Systems', 'unknown', 9.2, 1200, '1', 0, 150, '1.0', 105, '105', 13, '2022-07-18 08:14:31', '2022-07-18 08:14:31');
INSERT INTO starships (id, name, model, manufacturer, cost_in_credits, length, max_atmosphering_speed, crew, passengers, cargo_capacity, hyperdrive_rating, MGLT, starship_class, external_id, created_at, updated_at) VALUES (9, 'Executor', 'Executor-class star dreadnought', 'Kuat Drive Yards, Fondor Shipyards', 1143350000, 19000, 'n/a', '279,144', 38000, 250000000, '2.0', 40, '40', 15, '2022-07-18 08:14:31', '2022-07-18 08:14:31');
INSERT INTO starships (id, name, model, manufacturer, cost_in_credits, length, max_atmosphering_speed, crew, passengers, cargo_capacity, hyperdrive_rating, MGLT, starship_class, external_id, created_at, updated_at) VALUES (10, 'Rebel transport', 'GR-75 medium transport', 'Gallofree Yards, Inc.', 'unknown', 90, 650, '6', 90, 19000000, '4.0', 20, '20', 17, '2022-07-18 08:14:31', '2022-07-18 08:14:31');
INSERT INTO starships (id, name, model, manufacturer, cost_in_credits, length, max_atmosphering_speed, crew, passengers, cargo_capacity, hyperdrive_rating, MGLT, starship_class, external_id, created_at, updated_at) VALUES (11, 'Slave 1', 'Firespray-31-class patrol and attack', 'Kuat Systems Engineering', 'unknown', 21.5, 1000, '1', 6, 70000, '3.0', 70, '70', 21, '2022-07-18 08:14:32', '2022-07-18 08:14:32');
INSERT INTO starships (id, name, model, manufacturer, cost_in_credits, length, max_atmosphering_speed, crew, passengers, cargo_capacity, hyperdrive_rating, MGLT, starship_class, external_id, created_at, updated_at) VALUES (12, 'Imperial shuttle', 'Lambda-class T-4a shuttle', 'Sienar Fleet Systems', 240000, 20, 850, '6', 20, 80000, '1.0', 50, '50', 22, '2022-07-18 08:14:32', '2022-07-18 08:14:32');
INSERT INTO starships (id, name, model, manufacturer, cost_in_credits, length, max_atmosphering_speed, crew, passengers, cargo_capacity, hyperdrive_rating, MGLT, starship_class, external_id, created_at, updated_at) VALUES (13, 'EF76 Nebulon-B escort frigate', 'EF76 Nebulon-B escort frigate', 'Kuat Drive Yards', 8500000, 300, 800, '854', 75, 6000000, '2.0', 40, '40', 23, '2022-07-18 08:14:32', '2022-07-18 08:14:32');
INSERT INTO starships (id, name, model, manufacturer, cost_in_credits, length, max_atmosphering_speed, crew, passengers, cargo_capacity, hyperdrive_rating, MGLT, starship_class, external_id, created_at, updated_at) VALUES (14, 'Calamari Cruiser', 'MC80 Liberty type Star Cruiser', 'Mon Calamari shipyards', 104000000, 1200, 'n/a', '5400', 1200, 'unknown', '1.0', 60, '60', 27, '2022-07-18 08:14:32', '2022-07-18 08:14:32');
INSERT INTO starships (id, name, model, manufacturer, cost_in_credits, length, max_atmosphering_speed, crew, passengers, cargo_capacity, hyperdrive_rating, MGLT, starship_class, external_id, created_at, updated_at) VALUES (15, 'A-wing', 'RZ-1 A-wing Interceptor', 'Alliance Underground Engineering, Incom Corporation', 175000, 9.6, 1300, '1', 0, 40, '1.0', 120, '120', 28, '2022-07-18 08:14:32', '2022-07-18 08:14:32');
INSERT INTO starships (id, name, model, manufacturer, cost_in_credits, length, max_atmosphering_speed, crew, passengers, cargo_capacity, hyperdrive_rating, MGLT, starship_class, external_id, created_at, updated_at) VALUES (16, 'B-wing', 'A/SF-01 B-wing starfighter', 'Slayn & Korpil', 220000, 16.9, 950, '1', 0, 45, '2.0', 91, '91', 29, '2022-07-18 08:14:32', '2022-07-18 08:14:32');
INSERT INTO starships (id, name, model, manufacturer, cost_in_credits, length, max_atmosphering_speed, crew, passengers, cargo_capacity, hyperdrive_rating, MGLT, starship_class, external_id, created_at, updated_at) VALUES (17, 'Republic Cruiser', 'Consular-class cruiser', 'Corellian Engineering Corporation', 'unknown', 115, 900, '9', 16, 'unknown', '2.0', 'unknown', 'unknown', 31, '2022-07-18 08:14:32', '2022-07-18 08:14:32');
INSERT INTO starships (id, name, model, manufacturer, cost_in_credits, length, max_atmosphering_speed, crew, passengers, cargo_capacity, hyperdrive_rating, MGLT, starship_class, external_id, created_at, updated_at) VALUES (18, 'Droid control ship', 'Lucrehulk-class Droid Control Ship', 'Hoersch-Kessel Drive, Inc.', 'unknown', 3170, 'n/a', '175', 139000, 4000000000, '2.0', 'unknown', 'unknown', 32, '2022-07-18 08:14:32', '2022-07-18 08:14:32');
INSERT INTO starships (id, name, model, manufacturer, cost_in_credits, length, max_atmosphering_speed, crew, passengers, cargo_capacity, hyperdrive_rating, MGLT, starship_class, external_id, created_at, updated_at) VALUES (19, 'Naboo fighter', 'N-1 starfighter', 'Theed Palace Space Vessel Engineering Corps', 200000, 11, 1100, '1', 0, 65, '1.0', 'unknown', 'unknown', 39, '2022-07-18 08:14:32', '2022-07-18 08:14:32');
INSERT INTO starships (id, name, model, manufacturer, cost_in_credits, length, max_atmosphering_speed, crew, passengers, cargo_capacity, hyperdrive_rating, MGLT, starship_class, external_id, created_at, updated_at) VALUES (20, 'Naboo Royal Starship', 'J-type 327 Nubian royal starship', 'Theed Palace Space Vessel Engineering Corps, Nubia Star Drives', 'unknown', 76, 920, '8', 'unknown', 'unknown', '1.8', 'unknown', 'unknown', 40, '2022-07-18 08:14:32', '2022-07-18 08:14:32');
INSERT INTO starships (id, name, model, manufacturer, cost_in_credits, length, max_atmosphering_speed, crew, passengers, cargo_capacity, hyperdrive_rating, MGLT, starship_class, external_id, created_at, updated_at) VALUES (21, 'Scimitar', 'Star Courier', 'Republic Sienar Systems', 55000000, 26.5, 1180, '1', 6, 2500000, '1.5', 'unknown', 'unknown', 41, '2022-07-18 08:14:33', '2022-07-18 08:14:33');
INSERT INTO starships (id, name, model, manufacturer, cost_in_credits, length, max_atmosphering_speed, crew, passengers, cargo_capacity, hyperdrive_rating, MGLT, starship_class, external_id, created_at, updated_at) VALUES (22, 'J-type diplomatic barge', 'J-type diplomatic barge', 'Theed Palace Space Vessel Engineering Corps, Nubia Star Drives', 2000000, 39, 2000, '5', 10, 'unknown', '0.7', 'unknown', 'unknown', 43, '2022-07-18 08:14:33', '2022-07-18 08:14:33');
INSERT INTO starships (id, name, model, manufacturer, cost_in_credits, length, max_atmosphering_speed, crew, passengers, cargo_capacity, hyperdrive_rating, MGLT, starship_class, external_id, created_at, updated_at) VALUES (23, 'AA-9 Coruscant freighter', 'Botajef AA-9 Freighter-Liner', 'Botajef Shipyards', 'unknown', 390, 'unknown', 'unknown', 30000, 'unknown', 'unknown', 'unknown', 'unknown', 47, '2022-07-18 08:14:33', '2022-07-18 08:14:33');
INSERT INTO starships (id, name, model, manufacturer, cost_in_credits, length, max_atmosphering_speed, crew, passengers, cargo_capacity, hyperdrive_rating, MGLT, starship_class, external_id, created_at, updated_at) VALUES (24, 'Jedi starfighter', 'Delta-7 Aethersprite-class interceptor', 'Kuat Systems Engineering', 180000, 8, 1150, '1', 0, 60, '1.0', 'unknown', 'unknown', 48, '2022-07-18 08:14:33', '2022-07-18 08:14:33');
INSERT INTO starships (id, name, model, manufacturer, cost_in_credits, length, max_atmosphering_speed, crew, passengers, cargo_capacity, hyperdrive_rating, MGLT, starship_class, external_id, created_at, updated_at) VALUES (25, 'H-type Nubian yacht', 'H-type Nubian yacht', 'Theed Palace Space Vessel Engineering Corps', 'unknown', 47.9, 8000, '4', 'unknown', 'unknown', '0.9', 'unknown', 'unknown', 49, '2022-07-18 08:14:33', '2022-07-18 08:14:33');
INSERT INTO starships (id, name, model, manufacturer, cost_in_credits, length, max_atmosphering_speed, crew, passengers, cargo_capacity, hyperdrive_rating, MGLT, starship_class, external_id, created_at, updated_at) VALUES (26, 'Republic Assault ship', 'Acclamator I-class assault ship', 'Rothana Heavy Engineering', 'unknown', 752, 'unknown', '700', 16000, 11250000, '0.6', 'unknown', 'unknown', 52, '2022-07-18 08:14:33', '2022-07-18 08:14:33');
INSERT INTO starships (id, name, model, manufacturer, cost_in_credits, length, max_atmosphering_speed, crew, passengers, cargo_capacity, hyperdrive_rating, MGLT, starship_class, external_id, created_at, updated_at) VALUES (27, 'Solar Sailer', 'Punworcca 116-class interstellar sloop', 'Huppla Pasa Tisc Shipwrights Collective', 35700, 15.2, 1600, '3', 11, 240, '1.5', 'unknown', 'unknown', 58, '2022-07-18 08:14:33', '2022-07-18 08:14:33');
INSERT INTO starships (id, name, model, manufacturer, cost_in_credits, length, max_atmosphering_speed, crew, passengers, cargo_capacity, hyperdrive_rating, MGLT, starship_class, external_id, created_at, updated_at) VALUES (28, 'Trade Federation cruiser', 'Providence-class carrier/destroyer', 'Rendili StarDrive, Free Dac Volunteers Engineering corps.', 125000000, 1088, 1050, '600', 48247, 50000000, '1.5', 'unknown', 'unknown', 59, '2022-07-18 08:14:33', '2022-07-18 08:14:33');
INSERT INTO starships (id, name, model, manufacturer, cost_in_credits, length, max_atmosphering_speed, crew, passengers, cargo_capacity, hyperdrive_rating, MGLT, starship_class, external_id, created_at, updated_at) VALUES (29, 'Theta-class T-2c shuttle', 'Theta-class T-2c shuttle', 'Cygnus Spaceworks', 1000000, 18.5, 2000, '5', 16, 50000, '1.0', 'unknown', 'unknown', 61, '2022-07-18 08:14:33', '2022-07-18 08:14:33');
INSERT INTO starships (id, name, model, manufacturer, cost_in_credits, length, max_atmosphering_speed, crew, passengers, cargo_capacity, hyperdrive_rating, MGLT, starship_class, external_id, created_at, updated_at) VALUES (30, 'Republic attack cruiser', 'Senator-class Star Destroyer', 'Kuat Drive Yards, Allanteen Six shipyards', 59000000, 1137, 975, '7400', 2000, 20000000, '1.0', 'unknown', 'unknown', 63, '2022-07-18 08:14:33', '2022-07-18 08:14:33');
INSERT INTO starships (id, name, model, manufacturer, cost_in_credits, length, max_atmosphering_speed, crew, passengers, cargo_capacity, hyperdrive_rating, MGLT, starship_class, external_id, created_at, updated_at) VALUES (31, 'Naboo star skiff', 'J-type star skiff', 'Theed Palace Space Vessel Engineering Corps/Nubia Star Drives, Incorporated', 'unknown', 29.2, 1050, '3', 3, 'unknown', '0.5', 'unknown', 'unknown', 64, '2022-07-18 08:14:34', '2022-07-18 08:14:34');
INSERT INTO starships (id, name, model, manufacturer, cost_in_credits, length, max_atmosphering_speed, crew, passengers, cargo_capacity, hyperdrive_rating, MGLT, starship_class, external_id, created_at, updated_at) VALUES (32, 'Jedi Interceptor', 'Eta-2 Actis-class light interceptor', 'Kuat Systems Engineering', 320000, 5.47, 1500, '1', 0, 60, '1.0', 'unknown', 'unknown', 65, '2022-07-18 08:14:34', '2022-07-18 08:14:34');
INSERT INTO starships (id, name, model, manufacturer, cost_in_credits, length, max_atmosphering_speed, crew, passengers, cargo_capacity, hyperdrive_rating, MGLT, starship_class, external_id, created_at, updated_at) VALUES (33, 'arc-170', 'Aggressive Reconnaissance-170 starfighte', 'Incom Corporation, Subpro Corporation', 155000, 14.5, 1000, '3', 0, 110, '1.0', 100, '100', 66, '2022-07-18 08:14:34', '2022-07-18 08:14:34');
INSERT INTO starships (id, name, model, manufacturer, cost_in_credits, length, max_atmosphering_speed, crew, passengers, cargo_capacity, hyperdrive_rating, MGLT, starship_class, external_id, created_at, updated_at) VALUES (34, 'Banking clan frigte', 'Munificent-class star frigate', 'Hoersch-Kessel Drive, Inc, Gwori Revolutionary Industries', 57000000, 825, 'unknown', '200', 'unknown', 40000000, '1.0', 'unknown', 'unknown', 68, '2022-07-18 08:14:34', '2022-07-18 08:14:34');
INSERT INTO starships (id, name, model, manufacturer, cost_in_credits, length, max_atmosphering_speed, crew, passengers, cargo_capacity, hyperdrive_rating, MGLT, starship_class, external_id, created_at, updated_at) VALUES (35, 'Belbullab-22 starfighter', 'Belbullab-22 starfighter', 'Feethan Ottraw Scalable Assemblies', 168000, 6.71, 1100, '1', 0, 140, '6', 'unknown', 'unknown', 74, '2022-07-18 08:14:34', '2022-07-18 08:14:34');
INSERT INTO starships (id, name, model, manufacturer, cost_in_credits, length, max_atmosphering_speed, crew, passengers, cargo_capacity, hyperdrive_rating, MGLT, starship_class, external_id, created_at, updated_at) VALUES (36, 'V-wing', 'Alpha-3 Nimbus-class V-wing starfighter', 'Kuat Systems Engineering', 102500, 7.9, 1050, '1', 0, 60, '1.0', 'unknown', 'unknown', 75, '2022-07-18 08:14:34', '2022-07-18 08:14:34');

-- Table: users
DROP TABLE IF EXISTS users;
CREATE TABLE "users" ("id" integer not null primary key autoincrement, "name" varchar not null, "email" varchar not null, "email_verified_at" datetime, "password" varchar not null, "remember_token" varchar, "created_at" datetime, "updated_at" datetime);

-- Index: failed_jobs_uuid_unique
DROP INDEX IF EXISTS failed_jobs_uuid_unique;
CREATE UNIQUE INDEX "failed_jobs_uuid_unique" on "failed_jobs" ("uuid");

-- Index: password_resets_email_index
DROP INDEX IF EXISTS password_resets_email_index;
CREATE INDEX "password_resets_email_index" on "password_resets" ("email");

-- Index: personal_access_tokens_token_unique
DROP INDEX IF EXISTS personal_access_tokens_token_unique;
CREATE UNIQUE INDEX "personal_access_tokens_token_unique" on "personal_access_tokens" ("token");

-- Index: personal_access_tokens_tokenable_type_tokenable_id_index
DROP INDEX IF EXISTS personal_access_tokens_tokenable_type_tokenable_id_index;
CREATE INDEX "personal_access_tokens_tokenable_type_tokenable_id_index" on "personal_access_tokens" ("tokenable_type", "tokenable_id");

-- Index: users_email_unique
DROP INDEX IF EXISTS users_email_unique;
CREATE UNIQUE INDEX "users_email_unique" on "users" ("email");

COMMIT TRANSACTION;
PRAGMA foreign_keys = on;
